S1	E1	S2	E2	Reference	Contig	IDY	Ambiguous	Best_group
2804601	2808124	1	3525	U00096.3	NODE_1_length_796962_cov_28.286672	97.5		True
local misassembly
2808224	2856417	3886	52158	U00096.3	NODE_1_length_796962_cov_28.286672	97.36		True
local misassembly
2856496	2859656	52703	55863	U00096.3	NODE_1_length_796962_cov_28.286672	96.39		True
relocation, inconsistency = 2272
2866513	2877910	60448	71722	U00096.3	NODE_1_length_796962_cov_28.286672	97.11		True
local misassembly
2887311	2904041	81703	98431	U00096.3	NODE_1_length_796962_cov_28.286672	96.98		True
local misassembly
2904379	2905503	98952	100076	U00096.3	NODE_1_length_796962_cov_28.286672	97.87		True
relocation, inconsistency = -2591
2906530	2910719	103694	107882	U00096.3	NODE_1_length_796962_cov_28.286672	98.43		True
local misassembly
2911417	2990492	107944	187132	U00096.3	NODE_1_length_796962_cov_28.286672	97.96		True
relocation, inconsistency = -15857
2997692	3045094	210189	257546	U00096.3	NODE_1_length_796962_cov_28.286672	97.61		True
local misassembly
3046122	3059573	257673	271124	U00096.3	NODE_1_length_796962_cov_28.286672	97.76		True
relocation, inconsistency = -2989
3059700	3068802	274240	283343	U00096.3	NODE_1_length_796962_cov_28.286672	98.53		True
relocation, inconsistency = -1077
3068962	3073892	284580	289509	U00096.3	NODE_1_length_796962_cov_28.286672	98.93		True
relocation, inconsistency = -3135
3074226	3079408	292978	298160	U00096.3	NODE_1_length_796962_cov_28.286672	96.7		True
relocation, inconsistency = -1365
3079643	3082669	299760	302786	U00096.3	NODE_1_length_796962_cov_28.286672	97.62		True
relocation, inconsistency = -1592
3082876	3083874	304585	305583	U00096.3	NODE_1_length_796962_cov_28.286672	96.8		True
local misassembly
3083939	3098357	306522	320884	U00096.3	NODE_1_length_796962_cov_28.286672	96.95		True
relocation, inconsistency = -3049
3098558	3110441	324134	336011	U00096.3	NODE_1_length_796962_cov_28.286672	97.99		True
relocation, inconsistency = -1068507
2068941	2070274	363018	364350	U00096.3	NODE_1_length_796962_cov_28.286672	96.85		True
relocation, inconsistency = -39300
2072468	2076299	405844	409675	U00096.3	NODE_1_length_796962_cov_28.286672	96.25		True
relocation, inconsistency = -3533
2076302	2077040	413211	413949	U00096.3	NODE_1_length_796962_cov_28.286672	96.89		True
relocation, inconsistency = 997107
3112091	3130145	451893	469880	U00096.3	NODE_1_length_796962_cov_28.286672	95.53		True
relocation, inconsistency = -7212
3131344	3150548	478291	497607	U00096.3	NODE_1_length_796962_cov_28.286672	97.44		True
local misassembly
3150547	3181577	498317	529356	U00096.3	NODE_1_length_796962_cov_28.286672	99.63		True
relocation, inconsistency = -3661
3181623	3185039	533063	536479	U00096.3	NODE_1_length_796962_cov_28.286672	98.1		True
relocation, inconsistency = 6565
3191767	3231242	536642	575970	U00096.3	NODE_1_length_796962_cov_28.286672	96.88		True
local misassembly
3231545	3239538	576018	584003	U00096.3	NODE_1_length_796962_cov_28.286672	96.27		True
local misassembly
3239759	3269659	584441	614340	U00096.3	NODE_1_length_796962_cov_28.286672	97.65		True
local misassembly
3270177	3281076	614352	625251	U00096.3	NODE_1_length_796962_cov_28.286672	98.3		True
relocation, inconsistency = -2305
3281071	3286994	627551	633473	U00096.3	NODE_1_length_796962_cov_28.286672	96.96		True
relocation, inconsistency = 5385
3292479	3296983	633573	638077	U00096.3	NODE_1_length_796962_cov_28.286672	97.76		True
indel: indel (> 5bp)
3297104	3304451	638206	645553	U00096.3	NODE_1_length_796962_cov_28.286672	97.21		True
relocation, inconsistency = -1328
3304572	3360618	647002	702907	U00096.3	NODE_1_length_796962_cov_28.286672	98.14		True
relocation, inconsistency = 7027
3367778	3392122	703040	727380	U00096.3	NODE_1_length_796962_cov_28.286672	98.11		True
local misassembly
3392397	3404637	727381	739534	U00096.3	NODE_1_length_796962_cov_28.286672	97.77		True
local misassembly
3404739	3453454	740391	788948	U00096.3	NODE_1_length_796962_cov_28.286672	98.26		True
relocation, inconsistency = 15106
3470093	3476574	790481	796962	U00096.3	NODE_1_length_796962_cov_28.286672	99.15		True
CONTIG	NODE_1_length_796962_cov_28.286672	796962	misassembled
4542987	4543113	127	1	U00096.3	NODE_2_length_769980_cov_31.371631	100.0		True
local misassembly
4536145	4542690	6969	424	U00096.3	NODE_2_length_769980_cov_31.371631	99.97		True
relocation, inconsistency = 2246031
2288920	2290113	6970	8163	U00096.3	NODE_2_length_769980_cov_31.371631	99.67		True
relocation, inconsistency = 2229126
4519240	4536149	25073	8164	U00096.3	NODE_2_length_769980_cov_31.371631	99.98		True
relocation, inconsistency = 2436636
2076302	2077038	31375	30639	U00096.3	NODE_2_length_769980_cov_31.371631	97.15		True
local misassembly
2070659	2071213	37475	36921	U00096.3	NODE_2_length_769980_cov_31.371631	95.86		True
relocation, inconsistency = -2461864
4507459	4519239	62539	50759	U00096.3	NODE_2_length_769980_cov_31.371631	99.96		True
relocation, inconsistency = -5792
4509007	4509797	66784	65993	U00096.3	NODE_2_length_769980_cov_31.371631	96.72		True
relocation, inconsistency = 1430
4500422	4507458	73939	66903	U00096.3	NODE_2_length_769980_cov_31.371631	99.99		True
relocation, inconsistency = -2135
4499518	4500425	76978	76071	U00096.3	NODE_2_length_769980_cov_31.371631	100.0		True
relocation, inconsistency = 1336
4477182	4498181	97976	76979	U00096.3	NODE_2_length_769980_cov_31.371631	98.13		True
local misassembly
4449048	4476900	126089	98198	U00096.3	NODE_2_length_769980_cov_31.371631	96.33		True
local misassembly
4438724	4448397	135888	126232	U00096.3	NODE_2_length_769980_cov_31.371631	97.9		True
relocation, inconsistency = 1220
4431320	4437491	142072	135901	U00096.3	NODE_2_length_769980_cov_31.371631	97.47		True
relocation, inconsistency = -2806
4427991	4431248	148207	144950	U00096.3	NODE_2_length_769980_cov_31.371631	98.16		True
relocation, inconsistency = 2923079
1503162	1504908	149957	148211	U00096.3	NODE_2_length_769980_cov_31.371631	98.12		True
relocation, inconsistency = -2924827
4386047	4427988	191935	149958	U00096.3	NODE_2_length_769980_cov_31.371631	97.25		True
local misassembly
4326306	4385304	250812	192123	U00096.3	NODE_2_length_769980_cov_31.371631	98.07		True
local misassembly
4314342	4325805	262224	250813	U00096.3	NODE_2_length_769980_cov_31.371631	95.42		True
indel: indel (> 5bp)
4313662	4314229	262792	262225	U00096.3	NODE_2_length_769980_cov_31.371631	97.89		True
relocation, inconsistency = 6632
4242531	4306759	327306	263063	U00096.3	NODE_2_length_769980_cov_31.371631	96.25		True
relocation, inconsistency = 1797
4230319	4240733	337501	327307	U00096.3	NODE_2_length_769980_cov_31.371631	95.38		True
relocation, inconsistency = -6231
4213685	4230223	360231	343828	U00096.3	NODE_2_length_769980_cov_31.371631	96.21		True
local misassembly
4202526	4213164	371156	360514	U00096.3	NODE_2_length_769980_cov_31.371631	98.23		True
local misassembly
4153694	4202044	419592	371617	U00096.3	NODE_2_length_769980_cov_31.371631	97.68		True
indel: indel (> 5bp)
4137897	4153344	435215	419756	U00096.3	NODE_2_length_769980_cov_31.371631	97.72		True
indel: indel (> 5bp)
4132466	4137773	440702	435395	U00096.3	NODE_2_length_769980_cov_31.371631	97.16		True
relocation, inconsistency = -2813
4118847	4132268	457010	443713	U00096.3	NODE_2_length_769980_cov_31.371631	96.6		True
relocation, inconsistency = -1437
4106344	4118756	470950	458538	U00096.3	NODE_2_length_769980_cov_31.371631	98.49		True
relocation, inconsistency = 1938422
2167304	2167808	471064	471568	U00096.3	NODE_2_length_769980_cov_31.371631	97.43		True
relocation, inconsistency = 1894828
4094693	4106390	515321	503625	U00096.3	NODE_2_length_769980_cov_31.371631	97.87		True
relocation, inconsistency = 3598
4087424	4088032	518993	518384	U00096.3	NODE_2_length_769980_cov_31.371631	96.12		True
local misassembly
4078913	4086945	526898	518994	U00096.3	NODE_2_length_769980_cov_31.371631	95.73		True
relocation, inconsistency = -2049
4061519	4078913	546279	528947	U00096.3	NODE_2_length_769980_cov_31.371631	96.17		True
relocation, inconsistency = -1261
4000292	4061521	608252	547538	U00096.3	NODE_2_length_769980_cov_31.371631	97.09		True
local misassembly
3960674	4000163	648753	609264	U00096.3	NODE_2_length_769980_cov_31.371631	97.04		True
local misassembly
3911837	3959829	696713	648821	U00096.3	NODE_2_length_769980_cov_31.371631	97.89		True
relocation, inconsistency = -5221
3906875	3911630	706805	702141	U00096.3	NODE_2_length_769980_cov_31.371631	95.75		True
relocation, inconsistency = 1989
3876138	3896862	735555	714829	U00096.3	NODE_2_length_769980_cov_31.371631	97.71		True
local misassembly
3861387	3875478	750304	736213	U00096.3	NODE_2_length_769980_cov_31.371631	97.76		True
local misassembly
3850802	3861394	761397	750805	U00096.3	NODE_2_length_769980_cov_31.371631	98.54		True
relocation, inconsistency = -3395
3845732	3850791	769858	764803	U00096.3	NODE_2_length_769980_cov_31.371631	97.33		True
CONTIG	NODE_2_length_769980_cov_31.371631	769980	misassembled
1622817	1624712	2	1898	U00096.3	NODE_3_length_538338_cov_26.544602	97.89		True
local misassembly
1625212	1635025	1923	11738	U00096.3	NODE_3_length_538338_cov_26.544602	98.11		True
relocation, inconsistency = 192950
1431767	1432086	12233	11914	U00096.3	NODE_3_length_538338_cov_26.544602	97.5		True
local misassembly
1428795	1430472	14767	13090	U00096.3	NODE_3_length_538338_cov_26.544602	96.96		True
relocation, inconsistency = 186710
1637329	1645288	34914	42875	U00096.3	NODE_3_length_538338_cov_26.544602	99.52		True
relocation, inconsistency = -2228
1647357	1647742	47172	47557	U00096.3	NODE_3_length_538338_cov_26.544602	98.19		True
local misassembly
1648437	1648762	48269	48594	U00096.3	NODE_3_length_538338_cov_26.544602	99.69		True
local misassembly
1649234	1649634	49184	49584	U00096.3	NODE_3_length_538338_cov_26.544602	98.75		True
relocation, inconsistency = -1375680
273955	275149	49585	50779	U00096.3	NODE_3_length_538338_cov_26.544602	99.67		True
relocation, inconsistency = 1374481
1649631	1650844	50780	51994	U00096.3	NODE_3_length_538338_cov_26.544602	99.67		True
relocation, inconsistency = -1480
1651549	1686724	54179	89353	U00096.3	NODE_3_length_538338_cov_26.544602	98.3		True
relocation, inconsistency = 2815364
4502090	4503515	90779	89354	U00096.3	NODE_3_length_538338_cov_26.544602	100.0		True
relocation, inconsistency = 2685968
1686712	1816121	90780	219860	U00096.3	NODE_3_length_538338_cov_26.544602	97.91		True
local misassembly
1816384	1843693	219912	247221	U00096.3	NODE_3_length_538338_cov_26.544602	97.45		True
relocation, inconsistency = 1214
1845168	1883151	247482	285468	U00096.3	NODE_3_length_538338_cov_26.544602	98.12		True
local misassembly
1883151	1928924	285693	331464	U00096.3	NODE_3_length_538338_cov_26.544602	98.24		True
relocation, inconsistency = -1763
1928925	1961798	333228	365849	U00096.3	NODE_3_length_538338_cov_26.544602	97.09		True
local misassembly
1962584	1978494	365903	381814	U00096.3	NODE_3_length_538338_cov_26.544602	98.03		True
local misassembly
1979271	2001894	381815	404439	U00096.3	NODE_3_length_538338_cov_26.544602	98.33		True
local misassembly
2005327	2010247	407699	412619	U00096.3	NODE_3_length_538338_cov_26.544602	97.42		True
relocation, inconsistency = 501388
1503278	1503938	413280	412620	U00096.3	NODE_3_length_538338_cov_26.544602	95.03		True
relocation, inconsistency = 506244
2012563	2034143	415661	437253	U00096.3	NODE_3_length_538338_cov_26.544602	98.36		True
local misassembly
2035229	2044625	438262	447649	U00096.3	NODE_3_length_538338_cov_26.544602	98.56		True
relocation, inconsistency = -27161
2049238	2049712	479423	479896	U00096.3	NODE_3_length_538338_cov_26.544602	95.37		True
local misassembly
2052131	2066158	481569	495597	U00096.3	NODE_3_length_538338_cov_26.544602	97.57		True
relocation, inconsistency = 1199
2067358	2068222	495598	496462	U00096.3	NODE_3_length_538338_cov_26.544602	99.42		True
local misassembly
2068942	2069646	496463	497167	U00096.3	NODE_3_length_538338_cov_26.544602	99.72		True
relocation, inconsistency = -10130
2070659	2071213	508310	508864	U00096.3	NODE_3_length_538338_cov_26.544602	97.84		True
local misassembly
2071473	2076299	509169	513993	U00096.3	NODE_3_length_538338_cov_26.544602	96.56		True
relocation, inconsistency = -3370
2076302	2097273	517366	538337	U00096.3	NODE_3_length_538338_cov_26.544602	98.18		True
CONTIG	NODE_3_length_538338_cov_26.544602	538338	misassembled
3476448	3499663	1	23222	U00096.3	NODE_4_length_416827_cov_32.072215	98.01		True
relocation, inconsistency = 5213
3504934	3543924	23280	62141	U00096.3	NODE_4_length_416827_cov_32.072215	97.07		True
local misassembly
3543969	3563693	62392	82063	U00096.3	NODE_4_length_416827_cov_32.072215	96.62		True
relocation, inconsistency = -7569
3564131	3583418	90070	109357	U00096.3	NODE_4_length_416827_cov_32.072215	98.21		True
local misassembly
3584196	3608644	109358	133821	U00096.3	NODE_4_length_416827_cov_32.072215	96.82		True
local misassembly
3608764	3612910	134395	138541	U00096.3	NODE_4_length_416827_cov_32.072215	97.76		True
relocation, inconsistency = -15355
3612949	3618987	153935	159972	U00096.3	NODE_4_length_416827_cov_32.072215	96.47		True
local misassembly
3625609	3648784	165793	188777	U00096.3	NODE_4_length_416827_cov_32.072215	95.82		True
relocation, inconsistency = -2168
3648934	3650750	191095	192909	U00096.3	NODE_4_length_416827_cov_32.072215	95.77		True
local misassembly
3653231	3655213	195684	197660	U00096.3	NODE_4_length_416827_cov_32.072215	96.72		True
relocation, inconsistency = -9023
3655250	3674370	206720	225830	U00096.3	NODE_4_length_416827_cov_32.072215	98.13		True
indel: indel (> 5bp)
3674533	3680335	225974	231776	U00096.3	NODE_4_length_416827_cov_32.072215	97.69		True
relocation, inconsistency = -1578780
2101745	2102947	231966	233168	U00096.3	NODE_4_length_416827_cov_32.072215	99.67		True
relocation, inconsistency = 1575273
3680443	3700287	235391	255232	U00096.3	NODE_4_length_416827_cov_32.072215	97.9		True
local misassembly
3699896	3708308	255324	263579	U00096.3	NODE_4_length_416827_cov_32.072215	95.78		True
relocation, inconsistency = -1270
3708527	3720632	265068	277174	U00096.3	NODE_4_length_416827_cov_32.072215	97.63		True
relocation, inconsistency = 1405
3722077	3750916	277214	305860	U00096.3	NODE_4_length_416827_cov_32.072215	96.42		True
relocation, inconsistency = -1218
3754929	3761992	311091	318190	U00096.3	NODE_4_length_416827_cov_32.072215	96.18		True
relocation, inconsistency = 8217
3770242	3777028	318223	325007	U00096.3	NODE_4_length_416827_cov_32.072215	97.36		True
relocation, inconsistency = -6566
3777080	3781020	331625	335558	U00096.3	NODE_4_length_416827_cov_32.072215	95.18		True
indel: indel (> 5bp)
3781146	3781712	335559	336125	U00096.3	NODE_4_length_416827_cov_32.072215	97.18		True
relocation, inconsistency = -1435
3781710	3796859	337558	352709	U00096.3	NODE_4_length_416827_cov_32.072215	97.49		True
relocation, inconsistency = 2979
3807992	3833397	360863	386142	U00096.3	NODE_4_length_416827_cov_32.072215	96.82		True
relocation, inconsistency = 668688
4502090	4503515	387568	386143	U00096.3	NODE_4_length_416827_cov_32.072215	100.0		True
relocation, inconsistency = 661583
3833386	3840506	387569	394678	U00096.3	NODE_4_length_416827_cov_32.072215	96.24		True
relocation, inconsistency = -16001
3840558	3841833	410731	412006	U00096.3	NODE_4_length_416827_cov_32.072215	98.67		True
local misassembly
3841875	3845734	412846	416705	U00096.3	NODE_4_length_416827_cov_32.072215	98.13		True
CONTIG	NODE_4_length_416827_cov_32.072215	416827	misassembled
574587	575791	3216	2012	U00096.3	NODE_5_length_404630_cov_27.689093	99.67		True
relocation, inconsistency = 274859
297209	297611	5333	5736	U00096.3	NODE_5_length_404630_cov_27.689093	96.04		True
relocation, inconsistency = -4059
297715	302375	9899	14559	U00096.3	NODE_5_length_404630_cov_27.689093	98.39		True
relocation, inconsistency = -1261
302373	313807	15818	27243	U00096.3	NODE_5_length_404630_cov_27.689093	97.35		True
relocation, inconsistency = -6330
313807	315232	33573	34999	U00096.3	NODE_5_length_404630_cov_27.689093	96.22		True
relocation, inconsistency = -2452
316532	317400	38751	39618	U00096.3	NODE_5_length_404630_cov_27.689093	96.89		True
local misassembly
317439	339739	40344	62647	U00096.3	NODE_5_length_404630_cov_27.689093	96.87		True
local misassembly
340128	342568	62710	65151	U00096.3	NODE_5_length_404630_cov_27.689093	95.5		True
relocation, inconsistency = -5101
342726	354769	70410	82549	U00096.3	NODE_5_length_404630_cov_27.689093	96.6		True
local misassembly
354637	374962	82981	103095	U00096.3	NODE_5_length_404630_cov_27.689093	96.6		True
local misassembly
375365	381253	103096	108882	U00096.3	NODE_5_length_404630_cov_27.689093	95.96		True
relocation, inconsistency = 1336
382590	388646	108883	114932	U00096.3	NODE_5_length_404630_cov_27.689093	95.51		True
relocation, inconsistency = 1326
392967	424332	117927	149361	U00096.3	NODE_5_length_404630_cov_27.689093	97.0		True
relocation, inconsistency = -1674
424343	437100	151046	163790	U00096.3	NODE_5_length_404630_cov_27.689093	96.07		True
relocation, inconsistency = -1922
437165	508166	165777	236383	U00096.3	NODE_5_length_404630_cov_27.689093	97.7		True
local misassembly
508837	513896	236424	241484	U00096.3	NODE_5_length_404630_cov_27.689093	97.21		True
relocation, inconsistency = -29166
514429	522822	271183	279576	U00096.3	NODE_5_length_404630_cov_27.689093	98.2		True
relocation, inconsistency = 6697
530137	539162	280194	289220	U00096.3	NODE_5_length_404630_cov_27.689093	97.29		True
relocation, inconsistency = 254987
273955	275149	290415	289221	U00096.3	NODE_5_length_404630_cov_27.689093	99.67		True
relocation, inconsistency = 264009
539159	566073	290416	317171	U00096.3	NODE_5_length_404630_cov_27.689093	97.11		True
relocation, inconsistency = -1357
566072	566377	318527	318832	U00096.3	NODE_5_length_404630_cov_27.689093	97.71		True
relocation, inconsistency = -6771
566376	566769	325602	325995	U00096.3	NODE_5_length_404630_cov_27.689093	95.69		True
relocation, inconsistency = 1261
568034	568204	325999	326169	U00096.3	NODE_5_length_404630_cov_27.689093	96.49		True
local misassembly
572328	574570	330186	332428	U00096.3	NODE_5_length_404630_cov_27.689093	98.35		True
relocation, inconsistency = 1214
576302	578351	332946	334996	U00096.3	NODE_5_length_404630_cov_27.689093	95.19		True
relocation, inconsistency = 1710134
2288917	2290113	335428	336624	U00096.3	NODE_5_length_404630_cov_27.689093	99.67		True
relocation, inconsistency = -1709613
580501	581655	336625	337779	U00096.3	NODE_5_length_404630_cov_27.689093	98.61		True
relocation, inconsistency = -20369
583025	593320	359518	369813	U00096.3	NODE_5_length_404630_cov_27.689093	98.59		True
relocation, inconsistency = 3028405
3624233	3625525	373613	372321	U00096.3	NODE_5_length_404630_cov_27.689093	96.98		True
relocation, inconsistency = 2885402
736682	737965	375763	374479	U00096.3	NODE_5_length_404630_cov_27.689093	95.49		True
relocation, inconsistency = 123851
593347	608010	380584	395110	U00096.3	NODE_5_length_404630_cov_27.689093	96.49		True
local misassembly
607621	607998	395224	395600	U00096.3	NODE_5_length_404630_cov_27.689093	98.46		True
relocation, inconsistency = 1349
609348	618377	395601	404630	U00096.3	NODE_5_length_404630_cov_27.689093	96.23		True
CONTIG	NODE_5_length_404630_cov_27.689093	404630	misassembled
4542987	4573922	1	30936	U00096.3	NODE_6_length_358442_cov_29.805919	99.96		True
relocation, inconsistency = -3022
4573918	4576067	33954	36103	U00096.3	NODE_6_length_358442_cov_29.805919	99.95		True
relocation, inconsistency = -2184
4576066	4591294	38286	53514	U00096.3	NODE_6_length_358442_cov_29.805919	98.72		True
relocation, inconsistency = -11311
4591596	4621677	65127	95528	U00096.3	NODE_6_length_358442_cov_29.805919	96.99		True
relocation, inconsistency = 1056
4623111	4628691	95906	101476	U00096.3	NODE_6_length_358442_cov_29.805919	96.58		True
relocation, inconsistency = -3979
4628830	4641652	105594	118266	U00096.3	NODE_6_length_358442_cov_29.805919	97.34		True
fake: not a misassembly [linear representation of circular genome]
1	15390	118267	133654	U00096.3	NODE_6_length_358442_cov_29.805919	98.5		True
relocation, inconsistency = 1349
16740	19795	133655	136710	U00096.3	NODE_6_length_358442_cov_29.805919	98.31		True
relocation, inconsistency = -5736
20564	75645	143215	198316	U00096.3	NODE_6_length_358442_cov_29.805919	97.1		True
local misassembly
78885	147718	201878	270340	U00096.3	NODE_6_length_358442_cov_29.805919	97.17		True
local misassembly
156797	156893	279110	279206	U00096.3	NODE_6_length_358442_cov_29.805919	96.91		True
local misassembly
157311	168490	279603	290680	U00096.3	NODE_6_length_358442_cov_29.805919	96.12		True
local misassembly
168885	184236	291090	306283	U00096.3	NODE_6_length_358442_cov_29.805919	96.33		True
local misassembly
185088	231966	306420	353122	U00096.3	NODE_6_length_358442_cov_29.805919	97.98		True
local misassembly
231961	237067	353337	358442	U00096.3	NODE_6_length_358442_cov_29.805919	98.34		True
CONTIG	NODE_6_length_358442_cov_29.805919	358442	misassembled
1292418	1294416	125	2123	U00096.3	NODE_7_length_336718_cov_27.144353	97.85		True
relocation, inconsistency = 3207672
4502090	4503480	2125	3515	U00096.3	NODE_7_length_336718_cov_27.144353	100.0		True
relocation, inconsistency = -3208110
1295371	1299494	3516	7640	U00096.3	NODE_7_length_336718_cov_27.144353	98.79		True
relocation, inconsistency = 1199
1300694	1314567	7641	21515	U00096.3	NODE_7_length_336718_cov_27.144353	98.62		True
relocation, inconsistency = 331240
1649070	1650844	26552	24778	U00096.3	NODE_7_length_336718_cov_27.144353	96.57		True
relocation, inconsistency = -2635
1645031	1645284	33226	32973	U00096.3	NODE_7_length_336718_cov_27.144353	98.82		True
relocation, inconsistency = -24183
1635264	1635445	67176	66995	U00096.3	NODE_7_length_336718_cov_27.144353	95.05		True
indel: indel (> 5bp)
1634740	1635076	67712	67376	U00096.3	NODE_7_length_336718_cov_27.144353	96.21		True
relocation, inconsistency = 1051686
581659	583053	67713	69109	U00096.3	NODE_7_length_336718_cov_27.144353	98.14		True
relocation, inconsistency = 729962
1314533	1370003	70627	125996	U00096.3	NODE_7_length_336718_cov_27.144353	97.25		True
relocation, inconsistency = 13995
1384104	1390724	126102	132722	U00096.3	NODE_7_length_336718_cov_27.144353	97.19		True
local misassembly
1390724	1396039	133387	138702	U00096.3	NODE_7_length_336718_cov_27.144353	98.42		True
relocation, inconsistency = 1199
1397239	1411924	138703	153389	U00096.3	NODE_7_length_336718_cov_27.144353	98.32		True
relocation, inconsistency = 23060
1434985	1446028	153390	164427	U00096.3	NODE_7_length_336718_cov_27.144353	97.77		True
relocation, inconsistency = 21565
1472913	1487020	169747	183853	U00096.3	NODE_7_length_336718_cov_27.144353	96.21		True
relocation, inconsistency = -1014
1487165	1503160	185012	201000	U00096.3	NODE_7_length_336718_cov_27.144353	97.88		True
relocation, inconsistency = 1748
1504909	1517003	201001	213095	U00096.3	NODE_7_length_336718_cov_27.144353	97.26		True
relocation, inconsistency = -1337
1517023	1526853	214452	224282	U00096.3	NODE_7_length_336718_cov_27.144353	97.24		True
relocation, inconsistency = -794286
737509	737965	229224	229680	U00096.3	NODE_7_length_336718_cov_27.144353	96.94		True
relocation, inconsistency = 791840
1534942	1545438	234817	245318	U00096.3	NODE_7_length_336718_cov_27.144353	96.26		True
local misassembly
1545434	1545753	245966	246285	U00096.3	NODE_7_length_336718_cov_27.144353	97.19		True
relocation, inconsistency = -1547
1545751	1590079	247830	292309	U00096.3	NODE_7_length_336718_cov_27.144353	96.54		True
relocation, inconsistency = -11079
1590750	1611892	304059	325169	U00096.3	NODE_7_length_336718_cov_27.144353	97.34		True
local misassembly
1611893	1622942	325668	336718	U00096.3	NODE_7_length_336718_cov_27.144353	97.76		True
CONTIG	NODE_7_length_336718_cov_27.144353	336718	misassembled
1141129	1153230	12226	126	U00096.3	NODE_8_length_302292_cov_27.299032	98.75		True
local misassembly
1097480	1141065	56658	13107	U00096.3	NODE_8_length_302292_cov_27.299032	97.91		True
relocation, inconsistency = 10143
1081228	1086099	62773	57896	U00096.3	NODE_8_length_302292_cov_27.299032	97.11		True
relocation, inconsistency = -2139
1050972	1080807	94932	65333	U00096.3	NODE_8_length_302292_cov_27.299032	96.79		True
relocation, inconsistency = 9048
1004693	1041906	132162	94950	U00096.3	NODE_8_length_302292_cov_27.299032	98.27		True
relocation, inconsistency = 7019
993317	997574	136520	132262	U00096.3	NODE_8_length_302292_cov_27.299032	95.87		True
relocation, inconsistency = -1599
950291	993236	180974	138200	U00096.3	NODE_8_length_302292_cov_27.299032	97.64		True
relocation, inconsistency = 1471
925838	948755	204076	181039	U00096.3	NODE_8_length_302292_cov_27.299032	97.75		True
local misassembly
904538	925781	225840	204609	U00096.3	NODE_8_length_302292_cov_27.299032	97.78		True
relocation, inconsistency = -2502
899843	904419	232972	228461	U00096.3	NODE_8_length_302292_cov_27.299032	95.41		True
relocation, inconsistency = -3308
876705	899635	259408	236488	U00096.3	NODE_8_length_302292_cov_27.299032	98.04		True
local misassembly
857809	876662	279258	260405	U00096.3	NODE_8_length_302292_cov_27.299032	97.93		True
relocation, inconsistency = -4986
841226	857551	300826	284502	U00096.3	NODE_8_length_302292_cov_27.299032	98.19		True
relocation, inconsistency = 3644539
4502091	4503433	300827	302169	U00096.3	NODE_8_length_302292_cov_27.299032	100.0		True
CONTIG	NODE_8_length_302292_cov_27.299032	302292	misassembled
2097267	2101269	2	4005	U00096.3	NODE_9_length_292607_cov_26.037175	95.73		True
relocation, inconsistency = -2081844
19796	20566	4376	5146	U00096.3	NODE_9_length_292607_cov_26.037175	99.87		True
relocation, inconsistency = 2084103
2114488	2139486	14965	40257	U00096.3	NODE_9_length_292607_cov_26.037175	96.0		True
local misassembly
2139760	2143214	41003	44457	U00096.3	NODE_9_length_292607_cov_26.037175	98.44		True
relocation, inconsistency = -715616
1427599	1428794	44458	45653	U00096.3	NODE_9_length_292607_cov_26.037175	99.58		True
relocation, inconsistency = 714416
2143211	2150934	45654	53374	U00096.3	NODE_9_length_292607_cov_26.037175	96.38		True
local misassembly
2151727	2167200	53432	68904	U00096.3	NODE_9_length_292607_cov_26.037175	98.57		True
local misassembly
2167830	2170167	68905	71242	U00096.3	NODE_9_length_292607_cov_26.037175	99.87		True
relocation, inconsistency = 1261
2171429	2196640	71243	96375	U00096.3	NODE_9_length_292607_cov_26.037175	97.0		True
relocation, inconsistency = 2303485
4502088	4503515	98338	99765	U00096.3	NODE_9_length_292607_cov_26.037175	100.0		True
relocation, inconsistency = -2309564
2204307	2288918	110121	194592	U00096.3	NODE_9_length_292607_cov_26.037175	97.31		True
relocation, inconsistency = 1199
2290118	2304425	194593	208724	U00096.3	NODE_9_length_292607_cov_26.037175	96.93		True
local misassembly
2304991	2349658	208725	253285	U00096.3	NODE_9_length_292607_cov_26.037175	97.1		True
relocation, inconsistency = -3594
2349902	2360090	257123	267382	U00096.3	NODE_9_length_292607_cov_26.037175	95.87		True
relocation, inconsistency = 844993
1503156	1504908	269135	267383	U00096.3	NODE_9_length_292607_cov_26.037175	97.95		True
relocation, inconsistency = 857535
2362444	2384034	269136	290726	U00096.3	NODE_9_length_292607_cov_26.037175	97.36		True
relocation, inconsistency = 1546
2385904	2387438	291050	292584	U00096.3	NODE_9_length_292607_cov_26.037175	96.68		True
CONTIG	NODE_9_length_292607_cov_26.037175	292607	misassembled
2630956	2635296	39082	43422	U00096.3	NODE_10_length_234663_cov_29.674357	96.48		True
relocation, inconsistency = -11644
2635892	2714366	55662	133982	U00096.3	NODE_10_length_234663_cov_29.674357	97.23		True
relocation, inconsistency = -1436
2714363	2755957	135415	176963	U00096.3	NODE_10_length_234663_cov_29.674357	97.63		True
relocation, inconsistency = 608386
2066159	2067360	216781	215580	U00096.3	NODE_10_length_234663_cov_29.674357	99.58		True
relocation, inconsistency = 721430
2788791	2794015	216782	222006	U00096.3	NODE_10_length_234663_cov_29.674357	95.89		True
local misassembly
2794179	2800530	222243	228593	U00096.3	NODE_10_length_234663_cov_29.674357	97.58		True
relocation, inconsistency = -1871
2800618	2804726	230552	234663	U00096.3	NODE_10_length_234663_cov_29.674357	97.28		True
CONTIG	NODE_10_length_234663_cov_29.674357	234663	misassembled
1270620	1292420	21449	121	U00096.3	NODE_11_length_227572_cov_31.603895	95.94		True
local misassembly
1245737	1270085	45872	21450	U00096.3	NODE_11_length_227572_cov_31.603895	97.77		True
relocation, inconsistency = -6108
1240276	1245055	57440	52662	U00096.3	NODE_11_length_227572_cov_31.603895	97.41		True
relocation, inconsistency = -1868
1211419	1240187	88178	59397	U00096.3	NODE_11_length_227572_cov_31.603895	97.69		True
relocation, inconsistency = 860463
2101745	2102948	89273	90476	U00096.3	NODE_11_length_227572_cov_31.603895	99.67		True
relocation, inconsistency = 1495060
580243	581655	116918	115506	U00096.3	NODE_11_length_227572_cov_31.603895	98.44		True
local misassembly
577554	578859	118609	117304	U00096.3	NODE_11_length_227572_cov_31.603895	95.25		True
local misassembly
573296	574158	122853	121991	U00096.3	NODE_11_length_227572_cov_31.603895	97.91		True
relocation, inconsistency = -3020
566072	566377	133097	132792	U00096.3	NODE_11_length_227572_cov_31.603895	97.39		True
relocation, inconsistency = -633136
1183629	1196374	148676	135931	U00096.3	NODE_11_length_227572_cov_31.603895	98.14		True
relocation, inconsistency = 600238
581659	583053	150410	149014	U00096.3	NODE_11_length_227572_cov_31.603895	97.92		True
relocation, inconsistency = -648593
1153234	1183642	227443	197020	U00096.3	NODE_11_length_227572_cov_31.603895	97.75		True
CONTIG	NODE_11_length_227572_cov_31.603895	227572	misassembled
2390000	2449147	124	59289	U00096.3	NODE_12_length_221131_cov_26.534877	97.85		True
local misassembly
2456334	2466383	66528	76764	U00096.3	NODE_12_length_221131_cov_26.534877	95.25		True
relocation, inconsistency = 7014
2478973	2514276	82340	117641	U00096.3	NODE_12_length_221131_cov_26.534877	97.4		True
relocation, inconsistency = 1349
2515626	2521359	117642	123373	U00096.3	NODE_12_length_221131_cov_26.534877	97.83		True
relocation, inconsistency = 4150
2525929	2537704	123793	135579	U00096.3	NODE_12_length_221131_cov_26.534877	98.46		True
local misassembly
2538671	2543650	135587	140565	U00096.3	NODE_12_length_221131_cov_26.534877	95.96		True
indel: indel (> 5bp)
2543783	2549427	140566	146205	U00096.3	NODE_12_length_221131_cov_26.534877	96.21		True
indel: indel (> 5bp)
2549608	2558690	146206	155288	U00096.3	NODE_12_length_221131_cov_26.534877	96.88		True
relocation, inconsistency = 6790
2565481	2630884	155289	220985	U00096.3	NODE_12_length_221131_cov_26.534877	97.23		True
CONTIG	NODE_12_length_221131_cov_26.534877	221131	misassembled
618251	636600	1	18135	U00096.3	NODE_13_length_215223_cov_23.755700	95.54		True
local misassembly
637290	641869	18825	23329	U00096.3	NODE_13_length_215223_cov_23.755700	95.45		True
relocation, inconsistency = 1334
643500	687851	23626	67981	U00096.3	NODE_13_length_215223_cov_23.755700	97.95		True
relocation, inconsistency = 1199
689051	715907	67982	95135	U00096.3	NODE_13_length_215223_cov_23.755700	95.52		True
relocation, inconsistency = 5038
721058	729394	95248	103584	U00096.3	NODE_13_length_215223_cov_23.755700	97.25		True
relocation, inconsistency = 8012
753170	765148	119348	131375	U00096.3	NODE_13_length_215223_cov_23.755700	98.11		True
relocation, inconsistency = -8037
771199	815525	145463	189670	U00096.3	NODE_13_length_215223_cov_23.755700	96.93		True
indel: indel (> 5bp)
815752	820899	189852	194999	U00096.3	NODE_13_length_215223_cov_23.755700	97.36		True
local misassembly
821226	841238	195002	215018	U00096.3	NODE_13_length_215223_cov_23.755700	97.46		True
CONTIG	NODE_13_length_215223_cov_23.755700	215223	misassembled
736682	737767	28048	29133	U00096.3	NODE_14_length_129358_cov_23.886142	95.4		True
unknown
3624234	3625524	31250	32540	U00096.3	NODE_14_length_129358_cov_23.886142	96.82		True
unknown
239360	245945	33945	40530	U00096.3	NODE_14_length_129358_cov_23.886142	97.56		True
unknown
250059	253333	81645	84919	U00096.3	NODE_14_length_129358_cov_23.886142	96.64		True
unknown
253677	254190	86163	86676	U00096.3	NODE_14_length_129358_cov_23.886142	95.72		True
unknown
254256	257907	87563	91214	U00096.3	NODE_14_length_129358_cov_23.886142	98.38		True
unknown
258676	262956	91207	95487	U00096.3	NODE_14_length_129358_cov_23.886142	97.59		True
unknown
2473585	2476215	99475	96845	U00096.3	NODE_14_length_129358_cov_23.886142	96.66		True
unknown
1203267	1204403	101919	103049	U00096.3	NODE_14_length_129358_cov_23.886142	96.66		True
unknown
2472125	2473586	104510	103049	U00096.3	NODE_14_length_129358_cov_23.886142	97.67		True
unknown
1204401	1206138	113292	115029	U00096.3	NODE_14_length_129358_cov_23.886142	97.07		True
unknown
1206135	1207804	127689	129358	U00096.3	NODE_14_length_129358_cov_23.886142	98.02		True
unknown
CONTIG	NODE_14_length_129358_cov_23.886142	129358	mis_unaligned
1427597	1427858	63144	63405	U00096.3	NODE_15_length_63405_cov_12.121116	98.47		True
CONTIG	NODE_15_length_63405_cov_12.121116	63405	correct_unaligned
CONTIG	NODE_16_length_47297_cov_11.544732	47297	unaligned
CONTIG	NODE_17_length_34312_cov_21.896300	34312	unaligned
CONTIG	NODE_18_length_29024_cov_11.508288	29024	unaligned
2997163	2997693	18728	19258	U00096.3	NODE_19_length_24968_cov_13.146210	96.8		True
CONTIG	NODE_19_length_24968_cov_13.146210	24968	correct_unaligned
272191	273954	2962	4725	U00096.3	NODE_20_length_5734_cov_11.364901	99.72		True
CONTIG	NODE_20_length_5734_cov_11.364901	5734	correct_unaligned
CONTIG	NODE_21_length_2210_cov_31.572732	2210	unaligned
1209423	1209618	308	113	U00096.3	NODE_22_length_2210_cov_31.102736	95.92		True
CONTIG	NODE_22_length_2210_cov_31.102736	2210	correct_unaligned
CONTIG	NODE_23_length_1242_cov_7.751570	1242	unaligned
CONTIG	NODE_24_length_796_cov_8.016251	796	unaligned
4542564	4543113	1	550	U00096.3	NODE_25_length_550_cov_21.820331	100.0		True
CONTIG	NODE_25_length_550_cov_21.820331	550	correct
